{"$schema":"http://schema.management.azure.com/schemas/2015-01-01/deploymentTemplate.json#","contentVersion":"1.0.0.0","parameters":{"factoryName":{"type":"string","metadata":"Data Factory name"},"F1LookUp blobconnections":{"type":"string"},"F1Githubsource":{"type":"string"}},"variables":{"factoryId":"[concat('Microsoft.DataFactory/factories/', parameters('factoryName'))]"},"resources":[{"name":"[concat(parameters('factoryName'), '/Formula 1ParquetFiles')]","type":"Microsoft.DataFactory/factories/pipelines","apiVersion":"2018-06-01","properties":{"activities":[{"name":"Lookup1","type":"Lookup","dependsOn":[],"policy":{"timeout":"0.12:00:00","retry":0,"retryIntervalInSeconds":30,"secureOutput":false,"secureInput":false},"userProperties":[],"typeProperties":{"source":{"type":"DelimitedTextSource","storeSettings":{"type":"AzureBlobFSReadSettings","recursive":false,"enablePartitionDiscovery":false},"formatSettings":{"type":"DelimitedTextReadSettings"}},"dataset":{"referenceName":"LookUpf1","type":"DatasetReference","parameters":{}},"firstRowOnly":false}},{"name":"ForEach1","type":"ForEach","dependsOn":[{"activity":"Lookup1","dependencyConditions":["Succeeded"]}],"userProperties":[],"typeProperties":{"items":{"value":"@activity('Lookup1').output.value","type":"Expression"},"activities":[{"name":"Copy data1","type":"Copy","dependsOn":[],"policy":{"timeout":"0.12:00:00","retry":0,"retryIntervalInSeconds":30,"secureOutput":false,"secureInput":false},"userProperties":[],"typeProperties":{"source":{"type":"DelimitedTextSource","storeSettings":{"type":"HttpReadSettings","requestMethod":"GET"},"formatSettings":{"type":"DelimitedTextReadSettings"}},"sink":{"type":"ParquetSink","storeSettings":{"type":"AzureBlobFSWriteSettings","copyBehavior":"FlattenHierarchy"},"formatSettings":{"type":"ParquetWriteSettings"}},"enableStaging":false,"translator":{"type":"TabularTranslator","typeConversion":true,"typeConversionSettings":{"allowDataTruncation":true,"treatBooleanAsNumber":false}}},"inputs":[{"referenceName":"F1Web","type":"DatasetReference","parameters":{"BaseURL":{"value":"@item().BaseURL","type":"Expression"}}}],"outputs":[{"referenceName":"Parquet1","type":"DatasetReference","parameters":{}}]}]}}],"policy":{"elapsedTimeMetric":{}},"annotations":[],"lastPublishTime":"2025-11-11T17:20:17Z"},"dependsOn":["[concat(variables('factoryId'), '/datasets/LookUpf1')]","[concat(variables('factoryId'), '/datasets/F1Web')]","[concat(variables('factoryId'), '/datasets/Parquet1')]"]},{"name":"[concat(parameters('factoryName'), '/LookUpf1')]","type":"Microsoft.DataFactory/factories/datasets","apiVersion":"2018-06-01","properties":{"linkedServiceName":{"referenceName":"[parameters('F1LookUp blobconnections')]","type":"LinkedServiceReference"},"annotations":[],"type":"DelimitedText","typeProperties":{"location":{"type":"AzureBlobFSLocation","fileName":"DataFilesLink.csv","fileSystem":"f1project"},"columnDelimiter":",","escapeChar":"\\","firstRowAsHeader":true,"quoteChar":"\""},"schema":[{"name":"BaseURL","type":"String"},{"name":"FileName","type":"String"}]},"dependsOn":[]},{"name":"[concat(parameters('factoryName'), '/F1Web')]","type":"Microsoft.DataFactory/factories/datasets","apiVersion":"2018-06-01","properties":{"linkedServiceName":{"referenceName":"[parameters('F1Githubsource')]","type":"LinkedServiceReference","parameters":{"BaseURL":{"value":"@dataset().BaseURL","type":"Expression"}}},"parameters":{"BaseURL":{"type":"String"}},"annotations":[],"type":"DelimitedText","typeProperties":{"location":{"type":"HttpServerLocation"},"columnDelimiter":",","escapeChar":"\\","firstRowAsHeader":true,"quoteChar":"\""},"schema":[]},"dependsOn":[]},{"name":"[concat(parameters('factoryName'), '/Parquet1')]","type":"Microsoft.DataFactory/factories/datasets","apiVersion":"2018-06-01","properties":{"linkedServiceName":{"referenceName":"[parameters('F1LookUp blobconnections')]","type":"LinkedServiceReference"},"annotations":[],"type":"Parquet","typeProperties":{"location":{"type":"AzureBlobFSLocation","folderPath":"ParquetFiles","fileSystem":"f1project"},"compressionCodec":"snappy"},"schema":[]},"dependsOn":[]}]}